<?xml version="1.0" encoding="UTF-8"?>
<form>
  <elements>
    <title>
      <id>9eb5a307-dee9-4584-a802-e6fcc527e1d2</id>
      <content>&lt;h2&gt;Die Themen dieses Kurses finde ich...&lt;/h2&gt;</content>
    </title>
    <rubric>
      <id>9aa113da-086e-4f34-9bd7-0b6181180166</id>
      <sliderType>discrete_slider</sliderType>
      <scaleType>oneToMax</scaleType>
      <sliders>
        <slider>
          <id>c50419d2-57f9-4035-aa42-e60ac5700bbd</id>
          <startLabel>&lt;p&gt;inhaltlich relevant&lt;/p&gt;</startLabel>
          <weight>1</weight>
        </slider>
        <slider>
          <id>581bf870-bbae-4d4a-bea1-d7eb8525e9d5</id>
          <startLabel>&lt;p&gt;in diesem Kurs sinnvoll zusammengestellt&lt;/p&gt;</startLabel>
          <weight>1</weight>
        </slider>
        <slider>
          <id>d385848a-bf5c-458b-9f16-0fafa06f61ca</id>
          <startLabel>&lt;p&gt;für einen ersten Überblick geeignet&lt;/p&gt;</startLabel>
          <weight>1</weight>
        </slider>
        <slider>
          <id>dab062d2-ce0e-4573-982f-5f3db5690782</id>
          <startLabel>&lt;p&gt;für gezielte Fragestellungen geeignet&lt;/p&gt;</startLabel>
          <weight>1</weight>
        </slider>
      </sliders>
      <stepLabels>
        <org.olat.modules.forms.model.xml.StepLabel>
          <id>a95f0060-5570-412e-b1c4-2f71bc9cb720</id>
          <label>kaum</label>
        </org.olat.modules.forms.model.xml.StepLabel>
        <org.olat.modules.forms.model.xml.StepLabel>
          <id>b258c980-4c36-4fac-a39f-e26c55d2809e</id>
          <label></label>
        </org.olat.modules.forms.model.xml.StepLabel>
        <org.olat.modules.forms.model.xml.StepLabel>
          <id>709ef73d-4a1b-4cda-acfe-aa67aedf239a</id>
          <label></label>
        </org.olat.modules.forms.model.xml.StepLabel>
        <org.olat.modules.forms.model.xml.StepLabel>
          <id>45cb6f13-310a-4282-884d-bc810fc96785</id>
          <label></label>
        </org.olat.modules.forms.model.xml.StepLabel>
        <org.olat.modules.forms.model.xml.StepLabel>
          <id>18c5c497-af04-4390-a1c8-85cd8b11cb42</id>
          <label>sehr</label>
        </org.olat.modules.forms.model.xml.StepLabel>
      </stepLabels>
      <name></name>
      <nameDisplays>
        <org.olat.modules.forms.model.xml.Rubric_-NameDisplay>report</org.olat.modules.forms.model.xml.Rubric_-NameDisplay>
      </nameDisplays>
      <start>1</start>
      <end>5</end>
      <steps>5</steps>
      <noResponseEnabled>false</noResponseEnabled>
      <startGoodRating>false</startGoodRating>
    </rubric>
    <title>
      <id>6e18610b-5d4c-4d7d-8e0f-b899657fb6fc</id>
      <content>&lt;h4&gt;Ich vermisse in diesem Kurs folgende Themen:&lt;/h4&gt;</content>
    </title>
    <org.olat.modules.forms.model.xml.TextInput>
      <id>d617db8b-2f51-40c0-877b-295b406aab4a</id>
      <rows>5</rows>
      <singleRow>false</singleRow>
      <numeric>false</numeric>
    </org.olat.modules.forms.model.xml.TextInput>
    <title>
      <id>1723df01-ec5b-4f55-9541-70bbc2b3d8fe</id>
      <content>&lt;h2&gt;Die Erklärungen in den Videos finde ich...&lt;/h2&gt;</content>
    </title>
    <rubric>
      <id>9e0bba31-14b7-44f2-9c8b-5d3846b2fe7b</id>
      <sliderType>discrete_slider</sliderType>
      <scaleType>oneToMax</scaleType>
      <sliders>
        <slider>
          <id>45aca6e6-c7cb-4a70-8d69-2e12e3a22c99</id>
          <startLabel>&lt;p&gt;inhaltlich ausführlich genug&lt;/p&gt;</startLabel>
          <weight>1</weight>
        </slider>
        <slider>
          <id>91ddf137-c9a8-4732-adf2-053a44fa7c9f</id>
          <startLabel>&lt;p&gt;kurz und prägnant&lt;/p&gt;</startLabel>
          <weight>1</weight>
        </slider>
        <slider>
          <id>dc04e459-81bf-4641-b47a-c495493d0e00</id>
          <startLabel>&lt;p&gt;verständlich&lt;/p&gt;</startLabel>
          <weight>1</weight>
        </slider>
        <slider>
          <id>f2cbf8d8-4496-48cf-8d86-1fb6ba4eb105</id>
          <startLabel>&lt;p&gt;klar gegliedert&lt;/p&gt;</startLabel>
          <weight>1</weight>
        </slider>
        <slider>
          <id>c62ef6c7-2c82-46f8-b4e4-4b2883a31eac</id>
          <startLabel>&lt;p&gt;anschaulich&lt;/p&gt;</startLabel>
          <weight>1</weight>
        </slider>
        <slider>
          <id>a6cb6097-20ae-4965-a3db-b2cd85d9b301</id>
          <startLabel>&lt;p&gt;ausreichend mit Screens erklärt&lt;/p&gt;</startLabel>
          <weight>1</weight>
        </slider>
        <slider>
          <id>453219e7-697f-431f-b23c-1118d3148574</id>
          <startLabel>&lt;p&gt;ausreichend mit unterstützender Grafik erklärt&lt;/p&gt;</startLabel>
          <weight>1</weight>
        </slider>
        <slider>
          <id>c6448336-1c8e-421a-8992-5f667aa14044</id>
          <startLabel>&lt;p&gt;ansprechend gestaltet&lt;/p&gt;</startLabel>
          <weight>1</weight>
        </slider>
      </sliders>
      <stepLabels>
        <org.olat.modules.forms.model.xml.StepLabel>
          <id>c8afb39a-0daa-48db-bfeb-01f9317b7f55</id>
          <label>kaum</label>
        </org.olat.modules.forms.model.xml.StepLabel>
        <org.olat.modules.forms.model.xml.StepLabel>
          <id>97cd423e-4490-486e-a6bd-e52afc765e53</id>
          <label></label>
        </org.olat.modules.forms.model.xml.StepLabel>
        <org.olat.modules.forms.model.xml.StepLabel>
          <id>bf120dd7-1f17-491e-8a3e-28d448f365bf</id>
          <label></label>
        </org.olat.modules.forms.model.xml.StepLabel>
        <org.olat.modules.forms.model.xml.StepLabel>
          <id>5f4a4670-aa65-4865-ba2b-0f9fb9e2b1b0</id>
          <label></label>
        </org.olat.modules.forms.model.xml.StepLabel>
        <org.olat.modules.forms.model.xml.StepLabel>
          <id>35390bce-30a7-4574-b1ca-1d781f0b2c50</id>
          <label>sehr</label>
        </org.olat.modules.forms.model.xml.StepLabel>
      </stepLabels>
      <name></name>
      <nameDisplays>
        <org.olat.modules.forms.model.xml.Rubric_-NameDisplay>report</org.olat.modules.forms.model.xml.Rubric_-NameDisplay>
      </nameDisplays>
      <start>1</start>
      <end>5</end>
      <steps>5</steps>
      <noResponseEnabled>false</noResponseEnabled>
      <startGoodRating>false</startGoodRating>
    </rubric>
    <title>
      <id>918829ca-98c4-481b-b2b3-0abdc0c4859a</id>
      <content>&lt;h4&gt;Ich vermisse in den Erklärungen:&lt;/h4&gt;</content>
    </title>
    <org.olat.modules.forms.model.xml.TextInput>
      <id>3bd25db7-8b9d-4124-ae1c-1e8ea5dfa3ad</id>
      <rows>5</rows>
      <singleRow>false</singleRow>
      <numeric>false</numeric>
    </org.olat.modules.forms.model.xml.TextInput>
    <title>
      <id>4a4159ee-d5b4-4c26-9b7e-11fb7523d80a</id>
      <content>&lt;h1&gt;Gesamturteil zu diesem Kurs&lt;/h1&gt;</content>
    </title>
    <rubric>
      <id>1ef33e69-b96b-4d20-9834-f81ff8cfa5d6</id>
      <sliderType>discrete_slider</sliderType>
      <scaleType>oneToMax</scaleType>
      <sliders>
        <slider>
          <id>2f8cbe2c-2adf-4fa0-8f2c-d6f4164af37f</id>
          <startLabel>&lt;p&gt;Ich habe in diesem Kurs Brauchbares über OpenOlat gelernt.&lt;/p&gt;</startLabel>
          <weight>1</weight>
        </slider>
        <slider>
          <id>5b3e27f5-b25c-4944-b5df-4d16aff0824d</id>
          <startLabel>&lt;p&gt;Ich wünsche mir weitere Kurse in der OO Academy.&lt;/p&gt;</startLabel>
          <weight>1</weight>
        </slider>
      </sliders>
      <stepLabels>
        <org.olat.modules.forms.model.xml.StepLabel>
          <id>f7a31293-18ae-442c-b9a7-8bfaf70065db</id>
          <label>kaum</label>
        </org.olat.modules.forms.model.xml.StepLabel>
        <org.olat.modules.forms.model.xml.StepLabel>
          <id>61aef53f-68bc-499b-a265-d3cc432b57fa</id>
          <label></label>
        </org.olat.modules.forms.model.xml.StepLabel>
        <org.olat.modules.forms.model.xml.StepLabel>
          <id>6855cbc0-3538-4572-82ea-064d443b1061</id>
          <label></label>
        </org.olat.modules.forms.model.xml.StepLabel>
        <org.olat.modules.forms.model.xml.StepLabel>
          <id>d3067eea-a2e6-4439-9d74-5323f47353cb</id>
          <label></label>
        </org.olat.modules.forms.model.xml.StepLabel>
        <org.olat.modules.forms.model.xml.StepLabel>
          <id>c877b017-edfd-4357-93f0-bcedab7ff135</id>
          <label>sehr</label>
        </org.olat.modules.forms.model.xml.StepLabel>
      </stepLabels>
      <name></name>
      <nameDisplays>
        <org.olat.modules.forms.model.xml.Rubric_-NameDisplay>report</org.olat.modules.forms.model.xml.Rubric_-NameDisplay>
      </nameDisplays>
      <start>1</start>
      <end>5</end>
      <steps>5</steps>
      <noResponseEnabled>false</noResponseEnabled>
      <startGoodRating>false</startGoodRating>
    </rubric>
    <title>
      <id>5c95376a-a996-4d68-9010-940eb469f6a3</id>
      <content>&lt;h4&gt;Meine Wünsche an die OO-Academy (Themenvorschläge, ...):&lt;/h4&gt;</content>
    </title>
    <org.olat.modules.forms.model.xml.TextInput>
      <id>e9b247dc-3a66-4325-b352-e58077c7047e</id>
      <rows>5</rows>
      <singleRow>false</singleRow>
      <numeric>false</numeric>
    </org.olat.modules.forms.model.xml.TextInput>
    <title>
      <id>8c60803b-6f98-4587-abc9-04a2b5467ee9</id>
      <content>&lt;h2&gt;Mein bevorzugtes Device&lt;/h2&gt;</content>
    </title>
    <rubric>
      <id>92659068-2ef1-43e1-b243-e909d265d121</id>
      <sliderType>discrete_slider</sliderType>
      <scaleType>oneToMax</scaleType>
      <sliders>
        <slider>
          <id>17e9ec70-fc78-4e4d-a698-63a7e2af6f7e</id>
          <startLabel>&lt;p&gt;Mobile Phone&lt;/p&gt;</startLabel>
          <weight>1</weight>
        </slider>
        <slider>
          <id>de324310-27b2-4e3b-b2b8-932904476270</id>
          <startLabel>&lt;p&gt;Tablet&lt;/p&gt;</startLabel>
          <weight>1</weight>
        </slider>
        <slider>
          <id>ec4894b8-77fd-4060-b341-7d635ba51fb3</id>
          <startLabel>&lt;p&gt;Notebook (unterwegs)&lt;/p&gt;</startLabel>
          <weight>1</weight>
        </slider>
        <slider>
          <id>cdc3712b-2c8c-40bf-98b0-e69f6385d8ae</id>
          <startLabel>&lt;p&gt;Desktop Computer / Notebook (am Arbeitsplatz)&lt;/p&gt;</startLabel>
          <weight>1</weight>
        </slider>
        <slider>
          <id>48a6a5b5-975f-47be-a5e6-b13f39571daa</id>
          <startLabel>&lt;p&gt;Print-Medien&lt;/p&gt;</startLabel>
          <weight>1</weight>
        </slider>
      </sliders>
      <stepLabels>
        <org.olat.modules.forms.model.xml.StepLabel>
          <id>e04fb681-12f6-4fc8-bde6-12f0163d7a0e</id>
          <label>weniger</label>
        </org.olat.modules.forms.model.xml.StepLabel>
        <org.olat.modules.forms.model.xml.StepLabel>
          <id>a9addba8-62e7-4d8c-bdbe-31943eb96ffc</id>
          <label></label>
        </org.olat.modules.forms.model.xml.StepLabel>
        <org.olat.modules.forms.model.xml.StepLabel>
          <id>779bb35b-47dc-4eef-9f42-693824492b2b</id>
          <label></label>
        </org.olat.modules.forms.model.xml.StepLabel>
        <org.olat.modules.forms.model.xml.StepLabel>
          <id>421e7e3a-6f46-4bc2-ad1c-9cf1f3b213a2</id>
          <label></label>
        </org.olat.modules.forms.model.xml.StepLabel>
        <org.olat.modules.forms.model.xml.StepLabel>
          <id>244005ce-53a2-4c03-8c14-1f42d2048210</id>
          <label>sehr gern</label>
        </org.olat.modules.forms.model.xml.StepLabel>
      </stepLabels>
      <name></name>
      <nameDisplays>
        <org.olat.modules.forms.model.xml.Rubric_-NameDisplay>report</org.olat.modules.forms.model.xml.Rubric_-NameDisplay>
      </nameDisplays>
      <start>1</start>
      <end>5</end>
      <steps>5</steps>
      <noResponseEnabled>false</noResponseEnabled>
      <startGoodRating>false</startGoodRating>
    </rubric>
    <title>
      <id>9ab6d33e-4a8f-4f67-8a87-5b23cd4fe484</id>
      <content>&lt;h2&gt;Meine bevorzugten Lernmedien, um mehr über OpenOlat zu lernen&lt;/h2&gt;</content>
    </title>
    <rubric>
      <id>2b91d856-a0f7-41b7-b475-dc9513543dbe</id>
      <sliderType>discrete_slider</sliderType>
      <scaleType>oneToMax</scaleType>
      <sliders>
        <slider>
          <id>b85f2693-fef5-4b3d-91fe-4006906d20e7</id>
          <startLabel>&lt;p&gt;Lernvideos&lt;/p&gt;</startLabel>
          <weight>1</weight>
        </slider>
        <slider>
          <id>74ac21df-3cb1-4be8-9cdc-1dbf5a0fc4f9</id>
          <startLabel>&lt;p&gt;Websites&lt;/p&gt;</startLabel>
          <weight>1</weight>
        </slider>
        <slider>
          <id>3ddef992-05bb-49a2-b266-35c1afa50aaa</id>
          <startLabel>&lt;p&gt;pdf-Dateien zum Download&lt;/p&gt;</startLabel>
          <weight>1</weight>
        </slider>
        <slider>
          <id>99517692-e419-4bd0-9d27-f70e40fd5890</id>
          <startLabel>&lt;p&gt;ausgedruckte pdf-Dateien&lt;/p&gt;</startLabel>
          <weight>1</weight>
        </slider>
        <slider>
          <id>2f8378ec-72b5-4f96-b534-f7ecd07abb43</id>
          <startLabel>&lt;p&gt;Präsenzschulung&lt;/p&gt;</startLabel>
          <weight>1</weight>
        </slider>
      </sliders>
      <stepLabels>
        <org.olat.modules.forms.model.xml.StepLabel>
          <id>3e8c2652-b82c-4f9d-9918-fc59f3543470</id>
          <label>weniger</label>
        </org.olat.modules.forms.model.xml.StepLabel>
        <org.olat.modules.forms.model.xml.StepLabel>
          <id>67041479-825e-44d4-b5d7-63e2f56752cf</id>
          <label></label>
        </org.olat.modules.forms.model.xml.StepLabel>
        <org.olat.modules.forms.model.xml.StepLabel>
          <id>3c930d1a-eb0d-4308-86f5-bd707f22dd5e</id>
          <label></label>
        </org.olat.modules.forms.model.xml.StepLabel>
        <org.olat.modules.forms.model.xml.StepLabel>
          <id>02518f15-08c8-4189-9e54-a52507f3c0c4</id>
          <label></label>
        </org.olat.modules.forms.model.xml.StepLabel>
        <org.olat.modules.forms.model.xml.StepLabel>
          <id>7e890486-946c-4eba-8563-9406bda4e0e1</id>
          <label>sehr gern</label>
        </org.olat.modules.forms.model.xml.StepLabel>
      </stepLabels>
      <name></name>
      <nameDisplays>
        <org.olat.modules.forms.model.xml.Rubric_-NameDisplay>report</org.olat.modules.forms.model.xml.Rubric_-NameDisplay>
      </nameDisplays>
      <start>1</start>
      <end>5</end>
      <steps>5</steps>
      <noResponseEnabled>false</noResponseEnabled>
      <startGoodRating>false</startGoodRating>
    </rubric>
  </elements>
</form>