<?xml version="1.0" encoding="UTF-8"?>
<form>
  <elements>
    <container>
      <id>89797855-7d70-4e8f-97cb-a3f39c0de9cb</id>
      <layoutOptions>&lt;containersettings&gt;
  &lt;name&gt;Rubrik 1&lt;/name&gt;
  &lt;numOfColumns&gt;1&lt;/numOfColumns&gt;
  &lt;type&gt;block_1col&lt;/type&gt;
  &lt;columns&gt;
    &lt;containercolumn&gt;
      &lt;elementIds&gt;
        &lt;string&gt;a06b92d4-c154-48d7-a08f-a1c46e75ad52&lt;/string&gt;
        &lt;string&gt;8a96c46b-4436-4cb8-a06d-50187424a3c3&lt;/string&gt;
        &lt;string&gt;1d6fad49-f9f3-4b2c-97da-e4a3243d9289&lt;/string&gt;
      &lt;/elementIds&gt;
    &lt;/containercolumn&gt;
  &lt;/columns&gt;
&lt;/containersettings&gt;</layoutOptions>
    </container>
    <rubric>
      <id>1d6fad49-f9f3-4b2c-97da-e4a3243d9289</id>
      <mandatory>true</mandatory>
      <sliderType>discrete</sliderType>
      <scaleType>oneToMax</scaleType>
      <sliders>
        <slider>
          <id>25039711-9f0a-4724-b2fc-0e84413b59b1</id>
          <startLabel>&lt;p&gt;Ist die These klar?&lt;/p&gt;</startLabel>
          <weight>1</weight>
        </slider>
        <slider>
          <id>cb659844-6465-4d53-9da2-759f8617ff5d</id>
          <startLabel>&lt;p&gt;Verwendet der Autor seine eigenen Ideen in der These und Argumentation?&lt;/p&gt;</startLabel>
          <weight>1</weight>
        </slider>
        <slider>
          <id>540c9bb6-329f-4e64-a199-fff6c20f00b2</id>
          <startLabel>&lt;p&gt;Wird die Bedeutung des Problems in der Arbeit erklärt? Ist die Bedeutung überzeugend?&lt;/p&gt;</startLabel>
          <weight>1</weight>
        </slider>
        <slider>
          <id>0603142d-075b-41ae-abb9-1936103ccfea</id>
          <startLabel>&lt;p&gt;Ist die Bedeutung überzeugend?&lt;/p&gt;</startLabel>
          <weight>1</weight>
        </slider>
        <slider>
          <id>df1c9eb4-faa5-42ad-b55b-e498e3bdba3c</id>
          <startLabel>&lt;p&gt;Sind die Ideen logisch und gründlich entwickelt?&lt;/p&gt;</startLabel>
          <weight>1</weight>
        </slider>
        <slider>
          <id>0b63caa7-2b73-4449-8b87-763147af91d0</id>
          <startLabel>&lt;p&gt;Werden unterschiedliche Standpunkte gewürdigt?&lt;/p&gt;</startLabel>
          <weight>1</weight>
        </slider>
        <slider>
          <id>3636323a-ff33-46ec-aefd-b5e6f73bba0e</id>
          <startLabel>&lt;p&gt;Gibt der Autor angemessene Erläuterungen zu den verwendeten Quellen?&lt;/p&gt;</startLabel>
          <weight>1</weight>
        </slider>
        <slider>
          <id>b0d3f1c2-62bd-4019-92d6-818efe711a69</id>
          <startLabel>&lt;p&gt;Ist die Wortwahl spezifisch, konkret und interessant? Sind die Sätze klar?&lt;/p&gt;</startLabel>
          <weight>1</weight>
        </slider>
        <slider>
          <id>6b4e9f3c-31f6-4bf0-8a41-7120cd775605</id>
          <startLabel>&lt;p&gt;Sind die Übergänge zwischen den Absätzen fließend? Gibt es grammatikalische Fehler?&lt;/p&gt;</startLabel>
          <weight>1</weight>
        </slider>
      </sliders>
      <stepLabels>
        <org.olat.modules.forms.model.xml.StepLabel>
          <id>4645b7d6-24a6-4224-9017-07e4c7b37d29</id>
          <label>1</label>
        </org.olat.modules.forms.model.xml.StepLabel>
        <org.olat.modules.forms.model.xml.StepLabel>
          <id>e94357c6-133f-4ee6-b198-f53e88c507a3</id>
          <label>2</label>
        </org.olat.modules.forms.model.xml.StepLabel>
        <org.olat.modules.forms.model.xml.StepLabel>
          <id>a16c7fbb-a907-494b-a8dc-160d996d9315</id>
          <label>3</label>
        </org.olat.modules.forms.model.xml.StepLabel>
        <org.olat.modules.forms.model.xml.StepLabel>
          <id>8c5989a8-67d8-4138-998a-d9b2481c2052</id>
          <label>4</label>
        </org.olat.modules.forms.model.xml.StepLabel>
        <org.olat.modules.forms.model.xml.StepLabel>
          <id>755b56bf-f954-45bc-8930-50488fca775d</id>
          <label>5</label>
        </org.olat.modules.forms.model.xml.StepLabel>
      </stepLabels>
      <name>Bewertung Peer-Review</name>
      <nameDisplays>
        <org.olat.modules.forms.model.xml.Rubric_-NameDisplay>report</org.olat.modules.forms.model.xml.Rubric_-NameDisplay>
      </nameDisplays>
      <start>1</start>
      <end>5</end>
      <steps>5</steps>
      <noResponseEnabled>false</noResponseEnabled>
      <sliderStepLabelsEnabled>false</sliderStepLabelsEnabled>
      <sliderCommentsEnabled>false</sliderCommentsEnabled>
      <startGoodRating>true</startGoodRating>
    </rubric>
    <textinput>
      <id>d5ccb1f6-34b1-48a5-9863-f044856fb1cf</id>
      <mandatory>false</mandatory>
      <rows>4</rows>
      <singleRow>false</singleRow>
      <numeric>false</numeric>
      <date>false</date>
    </textinput>
    <title>
      <id>a06b92d4-c154-48d7-a08f-a1c46e75ad52</id>
      <content>Feedback-Formular</content>
      <layoutOptions>&lt;titlesettings&gt;
  &lt;size&gt;3&lt;/size&gt;
  &lt;layoutSettings&gt;
    &lt;customTopSpacing&gt;zero&lt;/customTopSpacing&gt;
    &lt;customRightSpacing&gt;zero&lt;/customRightSpacing&gt;
    &lt;customBottomSpacing&gt;zero&lt;/customBottomSpacing&gt;
    &lt;customLeftSpacing&gt;zero&lt;/customLeftSpacing&gt;
    &lt;spacing&gt;normal&lt;/spacing&gt;
  &lt;/layoutSettings&gt;
&lt;/titlesettings&gt;</layoutOptions>
    </title>
    <org.olat.modules.forms.model.xml.HTMLParagraph>
      <id>8a96c46b-4436-4cb8-a06d-50187424a3c3</id>
      <content>&lt;p&gt;Grundlagen für das Peer Review: Bitte bewerten Sie den/die Teilnehmer:in objektiv und fair&lt;/p&gt;</content>
    </org.olat.modules.forms.model.xml.HTMLParagraph>
    <org.olat.modules.forms.model.xml.HTMLParagraph>
      <id>4b64a134-2d10-4dd7-9b58-244be979d8b8</id>
      <content>&lt;p&gt;Was hat Ihnen am besten gefallen?&lt;/p&gt;</content>
    </org.olat.modules.forms.model.xml.HTMLParagraph>
    <container>
      <id>d845421c-ad08-4ec2-b973-08a6496f3a41</id>
      <layoutOptions>&lt;containersettings&gt;
  &lt;name&gt;Freitext&lt;/name&gt;
  &lt;numOfColumns&gt;1&lt;/numOfColumns&gt;
  &lt;type&gt;block_1col&lt;/type&gt;
  &lt;columns&gt;
    &lt;containercolumn&gt;
      &lt;elementIds&gt;
        &lt;string&gt;4b64a134-2d10-4dd7-9b58-244be979d8b8&lt;/string&gt;
        &lt;string&gt;d5ccb1f6-34b1-48a5-9863-f044856fb1cf&lt;/string&gt;
      &lt;/elementIds&gt;
    &lt;/containercolumn&gt;
  &lt;/columns&gt;
&lt;/containersettings&gt;</layoutOptions>
    </container>
  </elements>
  <rules/>
</form>