<?xml version="1.0" encoding="UTF-8"?>
<form>
  <elements>
    <org.olat.modules.forms.model.xml.Container>
      <id>884d4e57-f0eb-4d9b-9adb-c552a20d3956</id>
      <layoutOptions>&lt;containersettings&gt;
  &lt;numOfColumns&gt;1&lt;/numOfColumns&gt;
  &lt;type&gt;block_1col&lt;/type&gt;
  &lt;columns&gt;
    &lt;containercolumn&gt;
      &lt;elementIds&gt;
        &lt;string&gt;f1a4535d-16fe-4dc5-af45-d5b01fe2504e&lt;/string&gt;
      &lt;/elementIds&gt;
    &lt;/containercolumn&gt;
  &lt;/columns&gt;
&lt;/containersettings&gt;</layoutOptions>
    </org.olat.modules.forms.model.xml.Container>
    <org.olat.modules.forms.model.xml.Container>
      <id>1a4de9a1-0b23-487e-8ef1-0203bbd42732</id>
      <layoutOptions>&lt;containersettings&gt;
  &lt;numOfColumns&gt;2&lt;/numOfColumns&gt;
  &lt;type&gt;block_2cols&lt;/type&gt;
  &lt;columns&gt;
    &lt;containercolumn&gt;
      &lt;elementIds&gt;
        &lt;string&gt;692803dc-c63f-438b-9399-00cab571aed5&lt;/string&gt;
        &lt;string&gt;df7cf32b-c0d1-4515-86e0-f64a48e8d8c2&lt;/string&gt;
      &lt;/elementIds&gt;
    &lt;/containercolumn&gt;
    &lt;containercolumn&gt;
      &lt;elementIds&gt;
        &lt;string&gt;23eeb06a-6834-4cd2-b9c5-ab4609ae7f5c&lt;/string&gt;
        &lt;string&gt;8135ba53-1842-4d47-bccb-3daf13554773&lt;/string&gt;
      &lt;/elementIds&gt;
    &lt;/containercolumn&gt;
  &lt;/columns&gt;
&lt;/containersettings&gt;</layoutOptions>
    </org.olat.modules.forms.model.xml.Container>
    <org.olat.modules.forms.model.xml.Container>
      <id>5ce56d54-6d74-4012-93ce-8a73053bda7b</id>
      <layoutOptions>&lt;containersettings&gt;
  &lt;numOfColumns&gt;1&lt;/numOfColumns&gt;
  &lt;type&gt;block_1col&lt;/type&gt;
  &lt;columns&gt;
    &lt;containercolumn&gt;
      &lt;elementIds&gt;
        &lt;string&gt;8a04df1a-1a8e-4150-9d13-fa4529e6ebe2&lt;/string&gt;
      &lt;/elementIds&gt;
    &lt;/containercolumn&gt;
  &lt;/columns&gt;
&lt;/containersettings&gt;</layoutOptions>
    </org.olat.modules.forms.model.xml.Container>
    <org.olat.modules.forms.model.xml.Container>
      <id>d22842da-0fc7-4029-8518-a09582c6f963</id>
      <layoutOptions>&lt;containersettings&gt;
  &lt;name&gt;Beurteilung der mündlichen Präsentation&lt;/name&gt;
  &lt;numOfColumns&gt;1&lt;/numOfColumns&gt;
  &lt;type&gt;block_1col&lt;/type&gt;
  &lt;columns&gt;
    &lt;containercolumn&gt;
      &lt;elementIds&gt;
        &lt;string&gt;676b93b8-476f-4e39-9b48-fa245de7710e&lt;/string&gt;
      &lt;/elementIds&gt;
    &lt;/containercolumn&gt;
  &lt;/columns&gt;
&lt;/containersettings&gt;</layoutOptions>
    </org.olat.modules.forms.model.xml.Container>
    <rubric>
      <id>676b93b8-476f-4e39-9b48-fa245de7710e</id>
      <mandatory>false</mandatory>
      <sliderType>discrete</sliderType>
      <scaleType>oneToMax</scaleType>
      <sliders>
        <slider>
          <id>1dcc0b1a-f44f-4a07-99ab-aa40e6378d99</id>
          <startLabel>&lt;p&gt;Begrüssung/Abschied&lt;/p&gt;</startLabel>
          <stepLabels>
            <org.olat.modules.forms.model.xml.StepLabel>
              <id>69eff643-6067-4a51-a1c4-0a542b9be38b</id>
              <label>Die Studentin/der Student begrüßt die Zuhörer und führt sie in das Thema ein. Der Hauptgedanke wird am Ende wiederholt und zusammengefasst.</label>
            </org.olat.modules.forms.model.xml.StepLabel>
            <org.olat.modules.forms.model.xml.StepLabel>
              <id>d07bdbf8-e02b-4722-a679-a441fea4d42c</id>
              <label>Die Studentin/der Student begrüßt die Zuhörer und führt sie in das Thema ein. Der Hauptgedanke wird am Ende aber nicht wiederholt und zusammengefasst.</label>
            </org.olat.modules.forms.model.xml.StepLabel>
            <org.olat.modules.forms.model.xml.StepLabel>
              <id>0e7ab9a0-e309-4323-8f48-8f18473b5ac7</id>
              <label>Die Studentin/der Student begrüßt die Zuhörer nicht und führt nicht in das Thema ein. Dagegen wiederholt sie/er den Hauptgedanken am Ende und fasst zusammen.</label>
            </org.olat.modules.forms.model.xml.StepLabel>
            <org.olat.modules.forms.model.xml.StepLabel>
              <id>db1f9460-47bc-48ec-b2c3-98d240960124</id>
              <label>Die Studentin/der Student grüßt nicht und führt auch nicht in das Thema ein. Der Hauptgedanke wird am Ende nicht wiederholt und zusammengefasst.</label>
            </org.olat.modules.forms.model.xml.StepLabel>
            <org.olat.modules.forms.model.xml.StepLabel>
              <id>7192d4ea-6fa5-45ca-a15e-16be1a944ded</id>
              <label></label>
            </org.olat.modules.forms.model.xml.StepLabel>
          </stepLabels>
          <weight>1</weight>
        </slider>
        <slider>
          <id>56a5ce1e-8fa6-4fe0-9be8-b91e5ea4e6fe</id>
          <startLabel>&lt;p&gt;Gliederung&lt;/p&gt;</startLabel>
          <stepLabels>
            <org.olat.modules.forms.model.xml.StepLabel>
              <id>6ff0695e-5bce-4e15-b6a7-e060f32caada</id>
              <label>Die Rede folgt immer in einer klaren Struktur. Zuerst werden die Hauptgedanken dargestellt, dann die Nebengedanken.</label>
            </org.olat.modules.forms.model.xml.StepLabel>
            <org.olat.modules.forms.model.xml.StepLabel>
              <id>2b2c9947-1fb5-4eb0-8369-add16aaab288</id>
              <label>Die Rede folgt nicht immer einer klaren Struktur. Normalerweise werden aber zuerst die Hauptgedanken und dann die Nebengedanken dargestellt.</label>
            </org.olat.modules.forms.model.xml.StepLabel>
            <org.olat.modules.forms.model.xml.StepLabel>
              <id>1cc41f60-eda6-4789-a181-7e0d9990ce80</id>
              <label>Die Rede ist zwar gegliedert, aber oft nicht in der logischen Folge. Haupt- und Nebengedanken sind oft nicht in der richtigen Reihenfolge.</label>
            </org.olat.modules.forms.model.xml.StepLabel>
            <org.olat.modules.forms.model.xml.StepLabel>
              <id>e33286e0-1404-451d-a4c5-da167fda5b16</id>
              <label>Die Rede ist nicht gegliedert. Haupt- und Nebengedanken werden nicht in der richtigen Reihenfolge dargestellt.</label>
            </org.olat.modules.forms.model.xml.StepLabel>
          </stepLabels>
          <weight>1</weight>
        </slider>
        <slider>
          <id>d1e77160-1cbb-4745-b1b7-8158f55a9c46</id>
          <startLabel>&lt;p&gt;Körpersprache&lt;/p&gt;</startLabel>
          <stepLabels>
            <org.olat.modules.forms.model.xml.StepLabel>
              <id>77143647-2755-4b1e-b24f-d46306a9c486</id>
              <label>Die Studentin/der Student orientiert sich ständig an den Zuhörern und versucht den Kontakt während der Rede zu halten. Sie/er macht einen sicheren Gesamteindruck.</label>
            </org.olat.modules.forms.model.xml.StepLabel>
            <org.olat.modules.forms.model.xml.StepLabel>
              <id>66df3f4d-7654-44fa-bf95-a64b5358a236</id>
              <label>Die Studentin/der Student ist nicht ständig auf das Publikum ausgerichtet. Sie/er versucht jedoch während der Rede&#xd;
Augenkontakt zu halten. Sie/er macht meistens einen sicheren Gesamteindruck.</label>
            </org.olat.modules.forms.model.xml.StepLabel>
            <org.olat.modules.forms.model.xml.StepLabel>
              <id>9857260e-dc13-4cb8-a9ef-b27242732d55</id>
              <label>Die Studentin/der Student ist zwar ständig auf das Publikum ausgerichtet, versucht jedoch nicht, während des Vortrags Blickkontakt zu halten. Es entsteht gelegentlich ein unsicherer Gesamteindruck.</label>
            </org.olat.modules.forms.model.xml.StepLabel>
            <org.olat.modules.forms.model.xml.StepLabel>
              <id>43594350-74f9-4142-8b97-e412db6290f9</id>
              <label>Die Studentin/der Student ist nicht auf das Publikum ausgerichtet und versucht auch nicht, während des Vortrags Blickkontakt zu halten. Es entsteht ein unsicherer Gesamteindruck.</label>
            </org.olat.modules.forms.model.xml.StepLabel>
          </stepLabels>
          <weight>1</weight>
        </slider>
        <slider>
          <id>5680fde7-907d-429f-b036-e2ea01831b90</id>
          <startLabel>&lt;p&gt;Vokabular&lt;/p&gt;</startLabel>
          <stepLabels>
            <org.olat.modules.forms.model.xml.StepLabel>
              <id>69de7583-4bd5-4b5d-9581-1776142d03df</id>
              <label>Die Studentin/der Student verwendet ein breites Spektrum an Vokabeln und es gibt nur sinnvolle Wiederholungen.</label>
            </org.olat.modules.forms.model.xml.StepLabel>
            <org.olat.modules.forms.model.xml.StepLabel>
              <id>fd64c8da-f719-497d-bfe2-8132ea1fed5a</id>
              <label>Die Studentin/der Student verwendet ein insgesamt recht breites Spektrum an Vokabeln und es gibt wenig Wiederholungen.</label>
            </org.olat.modules.forms.model.xml.StepLabel>
            <org.olat.modules.forms.model.xml.StepLabel>
              <id>42f4bea9-6c27-4f65-9db5-d493d5f74bf8</id>
              <label>Die Studentin/der Student verwendet einige neue Vokabeln und&#xd;
einige neue Ausdrücke.</label>
            </org.olat.modules.forms.model.xml.StepLabel>
            <org.olat.modules.forms.model.xml.StepLabel>
              <id>f1a3a96e-2405-4084-832a-777fd71c5c46</id>
              <label>Die Studentin/der Student neigt dazu, ständig die gleichen Wörter zu verwenden.</label>
            </org.olat.modules.forms.model.xml.StepLabel>
          </stepLabels>
          <weight>1</weight>
        </slider>
        <slider>
          <id>351e9d84-2b90-41af-b127-091f4e914ef4</id>
          <startLabel>&lt;p&gt;Materialien&lt;/p&gt;</startLabel>
          <stepLabels>
            <org.olat.modules.forms.model.xml.StepLabel>
              <id>0ef4ab8c-8e1f-4086-8bcc-156994eded3f</id>
              <label>Die Studentin/der Student benutzt hochwertiges Anschauungsmaterial um die Rede zu unterstützen. Das Material wird in adäquater Weise genutzt.</label>
            </org.olat.modules.forms.model.xml.StepLabel>
            <org.olat.modules.forms.model.xml.StepLabel>
              <id>797032ec-67af-4afe-b72e-f2b13187b070</id>
              <label>Die Studentin/der Student benutzt gutes Anschauungsmaterial um die Rede zu unterstützen. Das Material wird meistens in adäquater Weise genutzt.</label>
            </org.olat.modules.forms.model.xml.StepLabel>
            <org.olat.modules.forms.model.xml.StepLabel>
              <id>1183079a-b033-41b5-a186-b46f386cdf41</id>
              <label>Die Studentin/der Student benutzt das Anschauungsmaterial zur Unterstützung der Rede auf die richtiger Art und Weise. Das Material ist jedoch nicht von hoher Qualität.</label>
            </org.olat.modules.forms.model.xml.StepLabel>
            <org.olat.modules.forms.model.xml.StepLabel>
              <id>1e704a8e-db0e-431f-b549-bcb10fd03512</id>
              <label>Die Studentin/der Student benutzt kein gutes Anschauungsmaterial und verwendet es nicht in adäquater Weise, um die Rede zu unterstützen.</label>
            </org.olat.modules.forms.model.xml.StepLabel>
          </stepLabels>
          <weight>1</weight>
        </slider>
        <slider>
          <id>64fde1f6-e449-41a8-8423-514bea2b6998</id>
          <startLabel>&lt;p&gt;Betonung, Rhythmus und Intonation&lt;/p&gt;</startLabel>
          <stepLabels>
            <org.olat.modules.forms.model.xml.StepLabel>
              <id>cadefd6d-c4aa-4e0a-9b22-6b9e32591b1f</id>
              <label>Die Aussprache ist angenehm. Sowohl der Rhythmus als auch die Intonation entsprechen dem, was man bei einem Vortrag erwartet. Sie tragen dazu beiträgt, dass man dem Vortrag leicht folgen kann.</label>
            </org.olat.modules.forms.model.xml.StepLabel>
            <org.olat.modules.forms.model.xml.StepLabel>
              <id>5292995e-1ce2-4bb2-ab9b-82035defff98</id>
              <label>Die Aussprache ist meistens angenehm. Sowohl der Rhythmus als auch die Intonation entsprechen in der Regel dem, was man bei einem Vortrag erwartet. Sie tragen dazu bei, dass man dem Vortrag gut folgen kann.</label>
            </org.olat.modules.forms.model.xml.StepLabel>
            <org.olat.modules.forms.model.xml.StepLabel>
              <id>cbba1495-3634-4421-9a00-8029e1a98567</id>
              <label>Die Studentin/der Student bemüht sich um einen angemessenen Rhythmus und / oder eine angemessene Intonation, die aber oft nicht dem entspricht, was in einem Vortrag erwartet wird. Die Aussprache muss noch deutlich verbessert werden.</label>
            </org.olat.modules.forms.model.xml.StepLabel>
            <org.olat.modules.forms.model.xml.StepLabel>
              <id>126ea8c6-50cb-4b9a-9381-7eebfaace0b4</id>
              <label>Die Studentin/der Student versucht nicht, den Rhythmus oder die Intonation zu treffen, die in einem Vortrag erwartet werden. Die Aussprache muss deutlich verbessert werden.</label>
            </org.olat.modules.forms.model.xml.StepLabel>
          </stepLabels>
          <weight>1</weight>
        </slider>
      </sliders>
      <stepLabels>
        <org.olat.modules.forms.model.xml.StepLabel>
          <id>378b24f8-eda7-490a-a2b5-e72249dc0e36</id>
          <label>Sehr gut</label>
        </org.olat.modules.forms.model.xml.StepLabel>
        <org.olat.modules.forms.model.xml.StepLabel>
          <id>bcc81426-67ad-48e5-a856-6ecac10c048f</id>
          <label>Gut</label>
        </org.olat.modules.forms.model.xml.StepLabel>
        <org.olat.modules.forms.model.xml.StepLabel>
          <id>253fab72-4ade-4691-9a9a-0003944f1707</id>
          <label>Grundlagen vorhanden</label>
        </org.olat.modules.forms.model.xml.StepLabel>
        <org.olat.modules.forms.model.xml.StepLabel>
          <id>cd42f308-e251-487e-8673-e329595cd1cd</id>
          <label>Benötigt Verbesserung</label>
        </org.olat.modules.forms.model.xml.StepLabel>
      </stepLabels>
      <name></name>
      <nameDisplays>
        <org.olat.modules.forms.model.xml.Rubric_-NameDisplay>report</org.olat.modules.forms.model.xml.Rubric_-NameDisplay>
      </nameDisplays>
      <start>1</start>
      <end>4</end>
      <steps>4</steps>
      <noResponseEnabled>true</noResponseEnabled>
      <sliderStepLabelsEnabled>true</sliderStepLabelsEnabled>
      <lowerBoundInsufficient>3.1</lowerBoundInsufficient>
      <upperBoundInsufficient>4.0</upperBoundInsufficient>
      <lowerBoundNeutral>2.1</lowerBoundNeutral>
      <upperBoundNeutral>3.0</upperBoundNeutral>
      <lowerBoundSufficient>1.0</lowerBoundSufficient>
      <upperBoundSufficient>2.0</upperBoundSufficient>
      <startGoodRating>true</startGoodRating>
    </rubric>
    <org.olat.modules.forms.model.xml.TextInput>
      <id>df7cf32b-c0d1-4515-86e0-f64a48e8d8c2</id>
      <mandatory>false</mandatory>
      <rows>12</rows>
      <singleRow>true</singleRow>
      <numeric>false</numeric>
      <date>false</date>
    </org.olat.modules.forms.model.xml.TextInput>
    <org.olat.modules.forms.model.xml.HTMLParagraph>
      <id>692803dc-c63f-438b-9399-00cab571aed5</id>
      <content>&lt;p&gt;Vorname&lt;/p&gt;</content>
    </org.olat.modules.forms.model.xml.HTMLParagraph>
    <org.olat.modules.forms.model.xml.HTMLParagraph>
      <id>23eeb06a-6834-4cd2-b9c5-ab4609ae7f5c</id>
      <content>&lt;p&gt;Nachname&lt;/p&gt;</content>
    </org.olat.modules.forms.model.xml.HTMLParagraph>
    <org.olat.modules.forms.model.xml.TextInput>
      <id>8135ba53-1842-4d47-bccb-3daf13554773</id>
      <mandatory>false</mandatory>
      <rows>12</rows>
      <singleRow>true</singleRow>
      <numeric>false</numeric>
      <date>false</date>
    </org.olat.modules.forms.model.xml.TextInput>
    <title>
      <id>f1a4535d-16fe-4dc5-af45-d5b01fe2504e</id>
      <content>Beurteilung der m&amp;uuml;ndlichen Pr&amp;auml;sentation in Englisch</content>
      <layoutOptions>&lt;titlesettings&gt;
  &lt;size&gt;3&lt;/size&gt;
&lt;/titlesettings&gt;</layoutOptions>
    </title>
    <spacer>
      <id>8a04df1a-1a8e-4150-9d13-fa4529e6ebe2</id>
      <content>&lt;hr/&gt;</content>
    </spacer>
  </elements>
  <rules/>
</form>